Average Availability,roomType
218.141672308734,Entire home/apt
253.897058823529,Hotel room
198.530201342282,Shared room
180.966666666667,Private room
